﻿<?xml version="1.0" encoding="utf-8"?>
<Deployment xmlns="http://schemas.microsoft.com/windowsphone/2009/deployment" AppPlatformVersion="7.1">
  <App xmlns="" ProductID="{34bfde6b-2c49-440e-94c9-69e0c7f36d0d}" Title="TinyCircle" RuntimeType="Silverlight" Version="1.0.0.0" Genre="apps.normal" Author="G3A" Description="P2P Networking app" Publisher="GEETHREE">
    <IconPath IsRelative="true" IsResource="false">g3aicon3_62x62.png</IconPath>
    <Capabilities>
      <Capability Name="ID_CAP_IDENTITY_DEVICE" />
      <Capability Name="ID_CAP_NETWORKING" />
      <Capability Name="ID_CAP_PUSH_NOTIFICATION" />
    </Capabilities>
    <Tasks>
      <DefaultTask Name="_default" NavigationPage="MainPage.xaml" />
    </Tasks>
    <Tokens>
      <PrimaryToken TokenID="GEETHREEToken" TaskName="_default">
        <TemplateType5>
          <BackgroundImageURI IsRelative="true" IsResource="false">g3aicon3_173x173.png</BackgroundImageURI>
          <Count>0</Count>
          <Title>TinyCircle</Title>
        </TemplateType5>
      </PrimaryToken>
    </Tokens>
  </App>
</Deployment>